,area,x-coord,y-coord
mae_train,4.4552554444521276e-41,2.70882128188261e-68,2.0500751238098386e-87
mae_test,0.0143205075333564,0.12203955656778179,0.10907553294706751
r2_train,2.685563216123743e-49,1.204619927934049e-92,1.816661511859488e-106
r2_test,0.05680106063904169,0.2920064100884483,0.3009915242926383
