,area,x-coord,y-coord
mae_train,439.51820734394704,2675.250924988134,9175.04482725353
mae_test,4.506608105237011,2.166073605077656,2.285321355004565
r2_train,768.4442697387441,12834.997969173664,31120.229140985335
r2_test,2.985554047072828,1.2522674509472371,1.220920083401414
